Title,Author,Description,Cover_Image_URL,Read_Book_URL,Average_Rating,happy_sad,funny_serious,safe_disturbing,optimistic_bleak,convemtional_unusual
Pride and Prejudice,Jane Austen,"Pride and Prejudice is an 1813 novel of manners written by Jane Austen. The novel follows the character development of Elizabeth Bennet, the dynamic protagonist of the book who learns about the repercussions of hasty judgments and comes to appreciate the difference between superficial goodness and actual goodness.

Mr. Bennet, owner of the Longbourn estate in Hertfordshire, has five daughters, but his property is entailed and can only be passed to a male heir. His wife also lacks an inheritance, so his family faces becoming very poor upon his death. Thus, it is imperative that at least one of the girls marry well to support the others, which is a motivation that drives the plot.",https://covers.openlibrary.org/b/id/14348537-L.jpg,https://openlibrary.org/works/OL66554W,3.21,75,40,62,71,93
Wuthering Heights,Emily Brontë,"Wuthering Heights is an 1847 novel by Emily Brontë, initially published under the pseudonym Ellis Bell. It concerns two families of the landed gentry living on the West Yorkshire moors, the Earnshaws and the Lintons, and their turbulent relationships with Earnshaw's adopted son, Heathcliff. The novel was influenced by Romanticism and Gothic fiction.",https://covers.openlibrary.org/b/id/12818862-L.jpg,https://openlibrary.org/works/OL21177W,3.32,100,83,50,38,17
A Christmas Carol,Charles Dickens,"An allegorical novella descibing the rehabilitation of bitter, miserly businessman Ebenezer Scrooge. The reader is witness to his transformation as Scrooge is shown the error of his ways by the ghost of former partner Jacob Marley and the spirits of Christmas past, present and future. The first of the Christmas books (Dickens released one a year from 1843&ndash;1847) it became an instant hit.",https://covers.openlibrary.org/b/id/13299222-L.jpg,https://openlibrary.org/works/OL8193497W,3.3,62,7,12,43,39
Oliver Twist,Charles Dickens,"Oliver Twist; or, The Parish Boy's Progress, is the second novel by English author Charles Dickens. It was originally published as a serial from 1837 to 1839, and as a three-volume book in 1838. The story follows the titular orphan, who, after being raised in a workhouse, escapes to London, where he meets a gang of juvenile pickpockets led by the elderly criminal Fagin, discovers the secrets of his parentage, and reconnects with his remaining family.

Oliver Twist unromantically portrays the sordid lives of criminals, and exposes the cruel treatment of the many orphans in London in the mid-19th century.[2] The alternative title, The Parish Boy's Progress, alludes to Bunyan's The Pilgrim's Progress, as well as the 18th-century caricature series by painter William Hogarth, A Rake's Progress and A Harlot's Progress.

In an early example of the social novel, Dickens satirises child labour, domestic violence, the recruitment of children as criminals, and the presence of street children. The novel may have been inspired by the story of Robert Blincoe, an orphan whose account of working as a child labourer in a cotton mill was widely read in the 1830s. It is likely that Dickens's own experiences as a youth contributed as well, considering he spent two years of his life in the workhouse at the age of 12 and subsequently, missed out on some of his education.",https://covers.openlibrary.org/b/id/13300802-L.jpg,https://openlibrary.org/works/OL8193478W,4.21,61,61,77,90,92
A Tale of Two Cities,Charles Dickens,"A Tale of Two Cities is a historical novel published in 1859 by Charles Dickens, set in London and Paris before and during the French Revolution. The novel tells the story of the French Doctor Manette, his 18-year-long imprisonment in the Bastille in Paris, and his release to live in London with his daughter Lucie whom he had never met. The story is set against the conditions that led up to the French Revolution and the Reign of Terror. In the Introduction to the Encyclopedia of Adventure Fiction, critic Don D'Ammassa argues that it is an adventure novel because the protagonists are in constant danger of being imprisoned or killed.

As Dickens's best-known work of historical fiction, A Tale of Two Cities is said to be one of the best-selling novels of all time. In 2003, the novel was ranked 63rd on the BBC's The Big Read poll. The novel has been adapted for film, television, radio, and the stage, and has continued to influence popular culture.",https://covers.openlibrary.org/b/id/13301713-L.jpg,https://openlibrary.org/works/OL8193465W,4.91,39,84,45,44,34
The Wonderful Wizard of Oz,L. Frank Baum,"Over a century after its initial publication, The Wonderful Wizard of Oz is still captivating the hearts of countless readers. Come adventure with Dorothy and her three friends: the Scarecrow, the Tin Woodman, and the Cowardly Lion, as they follow the Yellow Brick Road to the Emerald City for an audience with the Great Oz, the mightiest Wizard in the land, and the only one that can return Dorothy to her home in Kansas.",https://covers.openlibrary.org/b/id/552443-L.jpg,https://openlibrary.org/works/OL18417W,3.93,64,22,53,52,97
Great Expectations,"Charles Dickens, Charles Dickens","Great Expectations is the thirteenth novel by Charles Dickens and his penultimate completed novel. It depicts the education of an orphan nicknamed Pip (the book is a bildungsroman; a coming-of-age story). It is Dickens' second novel, after David Copperfield, to be fully narrated in the first person. The novel was first published as a serial in Dickens's weekly periodical All the Year Round, from 1 December 1860 to August 1861. In October 1861, Chapman and Hall published the novel in three volumes.

The novel is set in Kent and London in the early to mid-19th century and contains some of Dickens's most celebrated scenes, starting in a graveyard, where the young Pip is accosted by the escaped convict Abel Magwitch. Great Expectations is full of extreme imagery – poverty, prison ships and chains, and fights to the death – and has a colourful cast of characters who have entered popular culture. These include the eccentric Miss Havisham, the beautiful but cold Estella, and Joe, the unsophisticated and kind blacksmith. Dickens's themes include wealth and poverty, love and rejection, and the eventual triumph of good over evil. Great Expectations, which is popular both with readers and literary critics, has been translated into many languages and adapted numerous times into various media.",https://covers.openlibrary.org/b/id/13322313-L.jpg,https://openlibrary.org/works/OL8721462W,3.53,2,13,72,9,5
Hamlet,William Shakespeare,"In this quintessential Shakespeare tragedy, a young prince's halting pursuit of revenge for the murder of his father unfolds in a series of highly charged confrontations that have held audiences spellbound for nearly four centuries. Those fateful exchanges, and the anguished soliloquies that precede and follow them, probe depths of human feeling rarely sounded in any art. 
The title role of Hamlet, perhaps the most demanding in all of Western drama, has provided generations of leading actors their greatest challenge. Yet all the roles in this towering drama are superbly delineated, and each of the key scenes offers actors a rare opportunity to create theatrical magic.
As if further evidence of Shakespeare's genius were needed, Hamlet is a unique pleasure to read as well as to see and hear performed. The full text of this extraordinary drama is reprinted here from an authoritative British edition complete with illuminating footnotes.
(back cover)",https://covers.openlibrary.org/b/id/8281954-L.jpg,https://openlibrary.org/works/OL9170454W,3.73,43,4,93,62,72
The Hound of the Baskervilles,Arthur Conan Doyle,"The Hound of the Baskervilles is the third of the four crime novels by British writer Arthur Conan Doyle featuring the detective Sherlock Holmes. Originally serialised in The Strand Magazine from August 1901 to April 1902, it is set in 1889 largely on Dartmoor in Devon in England's West Country and tells the story of an attempted murder inspired by the legend of a fearsome, diabolical hound of supernatural origin. Holmes and Watson investigate the case. This was the first appearance of Holmes since his apparent death in ""The Final Problem"", and the success of The Hound of the Baskervilles led to the character's eventual revival.

One of the most famous stories ever written, in 2003, the book was listed as number 128 of 200 on the BBC's The Big Read poll of the UK's ""best-loved novel"". In 1999, a poll of ""Sherlockians"" ranked it as the best of the four Holmes novels.",https://covers.openlibrary.org/b/id/8063264-L.jpg,https://openlibrary.org/works/OL262454W,3.35,37,64,24,97,86
The Great Gatsby,F. Scott Fitzgerald,"Here is a novel, glamorous, ironical, compassionate – a marvelous fusion into unity of the curious incongruities of the life of the period – which reveals a hero like no other – one who could live at no other time and in no other place. But he will live as a character, we surmise, as long as the memory of any reader lasts.

""There was something gorgeous about him, some heightened sensitivity to the promises of life.... It was an extraordinary gift for hope, a romantic readiness such as I have never found in any other person and which it is not likely I shall ever find again.""

It is the story of this Jay Gatsby who came so mysteriously to West Egg, of his sumptuous entertainments, and of his love for Daisy Buchanan – a story that ranges from pure lyrical beauty to sheer brutal realism, and is infused with a sense of the strangeness of human circumstance in a heedless universe.

It is a magical, living book, blended of irony, romance, and mysticism.

--first edition jacket


----------
Also contained in:

 - [The Fitzgerald Reader](https://openlibrary.org/works/OL468551W/The_Fitzgerald_Reader)
 - [Three Novels of F. Scott Fitzgerald ](https://openlibrary.org/works/OL468557W)",https://covers.openlibrary.org/b/id/10590366-L.jpg,https://openlibrary.org/works/OL468431W,3.77,6,20,28,4,83
Moby Dick,Herman Melville,"""Command the murderous chalices! Drink ye harpooners! Drink and swear, ye men that man the deathful whaleboat's bow -- Death to Moby Dick!"" So Captain Ahab binds his crew to fulfil his obsession -- the destruction of the great white whale. Under his lordly but maniacal command the Pequod's commercial mission is perverted to one of vengeance. To Ahab, the monster that destroyed his body is not a creature, but the symbol of ""some unknown but still reasoning thing."" Uncowed by natural disasters, ill omens, even death, Ahab urges his ship towards ""the undeliverable, nameless perils of the whale."" Key letters from Melville to Nathaniel Hawthorne are printed at the end of this volume. - Back cover.",https://covers.openlibrary.org/b/id/10544254-L.jpg,https://openlibrary.org/works/OL102749W,4.63,44,23,69,72,51
Mansfield Park,"Jane Austen, Jane Austen","Fanny Price is born to a poor family, but is sent to her mother's rich relations to be brought up with her cousins. There she is treated as an inferior by all except her cousin Edmund, whose kindness towards her earns him her steadfast love. Fanny is quiet and obedient and does not come into her own until her elder cousins leave the estate following a scandalous play put on in their father's absence. Fanny's loyalty and love is tested by the beautiful Crawford siblings. But their essentially weak natures and morals show them for what they really are, and allow Fanny to gain the one thing she truly desires.",https://covers.openlibrary.org/b/id/14618737-L.jpg,https://openlibrary.org/works/OL66530W,3.52,46,34,80,64,36
Ὀδύσσεια,Όμηρος,"The Odyssey (/ˈɒdəsi/; Greek: Ὀδύσσεια, Odýsseia) is one of two major ancient Greek epic poems attributed to Homer. It is, in part, a sequel to the Iliad, the other work ascribed to Homer. The poem is fundamental to the modern Western canon, and is the second oldest extant work of Western literature, the Iliad being the oldest. Scholars believe it was composed near the end of the 8th century BC, somewhere in Ionia, the Greek coastal region of Anatolia. - [Wikipedia][1]

  [1]: https://en.wikipedia.org/wiki/Odyssey",https://covers.openlibrary.org/b/id/9045853-L.jpg,https://openlibrary.org/works/OL61982W,3.78,63,20,9,98,2
The Railway Children,Edith Nesbit,"When Father mysteriously goes away, the children and their mother leave their happy life in London to go and live in a small cottage in the country. 'The Three Chimneys' lies beside a railway track - a constant source of enjoyment to all three. They make friends with the Station Master and Perks the Porter, as well as the jovial 'Old Gentleman' who waves to them everyday from the train. But the mystery remains: where is Father, and will he ever return?",https://covers.openlibrary.org/b/id/13241123-L.jpg,https://openlibrary.org/works/OL99509W,3.78,58,51,73,72,3
King Lear,"William Shakespeare, Joan Sellent","King Lear divides his kingdom among the two daughters who flatter him and banishes the third one who loves him. His eldest daughters both then reject him at their homes, so Lear goes mad and wanders through a storm. His banished daughter returns with an army, but they lose the battle and Lear, all his daughters and more, die.

([source][1])


  [1]: https://www.shakespeare.org.uk/explore-shakespeare/shakespedia/shakespeares-plays/king-lear/",https://covers.openlibrary.org/b/id/7420452-L.jpg,https://openlibrary.org/works/OL259026W,4.17,99,47,63,8,69
Romeo and Juliet,William Shakespeare,"Romeo and Juliet is a tragedy written by William Shakespeare early in his career about two young Italian star-crossed lovers whose deaths ultimately reconcile their feuding families. It was among Shakespeare's most popular plays during his lifetime and, along with Hamlet, is one of his most frequently performed plays. Today, the title characters are regarded as archetypal young lovers.",https://covers.openlibrary.org/b/id/8257991-L.jpg,https://openlibrary.org/works/OL362427W,3.43,67,92,47,48,37
Macbeth,William Shakespeare,"The play concerns a trusted general who secretly lusts for power. Encouraged by the prophecies of three witches and urged on by his ambitious wife Macbeth commits regicide. Left fearful and superstitious by this desperate act he is driven to a spiralling course of murder and outrage, almost inevitably culminating in his own death. One of Shakespeare’s most popular tragedies, Macbeth is ostensibly based on the Scottish king although the story represented in the play bears no relation to historical fact as the true King Macbeth was well respected by his contemporaries. This book includes the hero Macbeth becoming more and more evil after he gets told his ""destiny"" by the witches and becomes greedy with power.",https://covers.openlibrary.org/b/id/872432-L.jpg,https://openlibrary.org/works/OL258902W,4.64,12,62,56,55,57
A Midsummer Night's Dream,William Shakespeare,"One night two young couples run into an enchanted forest in an attempt to escape their problems. But these four humans do not realize that the forest is filled with fairies and hobgoblins who love making mischief. When Oberon, the Fairy King, and his loyal hobgoblin servant, Puck, intervene in human affairs, the fate of these young couples is magically and hilariously transformed. Like a classic fairy tale, this retelling of William Shakespeare's most beloved comedy is perfect for older readers who will find much to treasure and for younger readers who will love hearing the story read aloud.",https://covers.openlibrary.org/b/id/7205924-L.jpg,https://openlibrary.org/works/OL259010W,4.46,93,20,92,18,12
Anna Karenina,Лев Толстой,"Described by William Faulkner as the best novel ever written and by Fyodor Dostoevsky as “flawless,” Anna Karenina tells of the doomed love affair between the sensuous and rebellious Anna and the dashing officer, Count Vronsky. Tragedy unfolds as Anna rejects her passionless marriage and thereby exposes herself to the hypocrisies of society. Set against a vast and richly textured canvas of nineteenth-century Russia, the novel's seven major characters create a dynamic imbalance, playing out the contrasts of city and country life and all the variations on love and family happiness.",https://covers.openlibrary.org/b/id/2560652-L.jpg,https://openlibrary.org/works/OL267096W,4.23,100,48,6,14,98
The Last of the Mohicans,James Fenimore Cooper,"The classic tale of Hawkeye—Natty Bumppo—the frontier scout who turned his back on ""civilization,"" and his friendship with a Mohican warrior as they escort two sisters through the dangerous wilderness of Indian country in frontier America.",https://covers.openlibrary.org/b/id/8236937-L.jpg,https://openlibrary.org/works/OL77958W,3.69,69,14,77,72,82
David Copperfield,"Charles Dickens, Francesc Ràfolsen, Mary Sebag-Montefiore, Ginger Roberts Brackett, Manuel Rodríguez Navas y Carrasco., Jose KING","T adds to the charm of this book to remember that it is virtually a picture of the author's own boyhood. It is an excellent picture of the life of a struggling English youth in the middle of the last century. The pictures of Canterbury and London are true pictures and through these pages walk one of Dickens' wonderful processions of characters, quaint and humorous, villainous and tragic. Nobody cares for Dickens heroines, least of all for Dora, but take it all in al, l this book is enjoyed by young people more than any other of the great novelist. After having read this you will wish to read Nicholas Nickleby for its mingling of pathos and humor, Martin Chuzzlewit for its pictures of American life as seen through English eyes, and Pickwick Papers for its crude but boisterous humor.",https://covers.openlibrary.org/b/id/1048892-L.jpg,https://openlibrary.org/works/OL8662242W,4.67,35,21,7,82,81
Tempest,William Shakespeare,"The Tempest is a play by William Shakespeare, believed to have been written in 1610–11, and thought by many critics to be the last play that Shakespeare wrote alone. It is set on a remote island, where Prospero, the rightful Duke of Milan, plots to restore his daughter Miranda to her rightful place using illusion and skilful manipulation. He conjures up a storm, the eponymous tempest, to lure his usurping brother Antonio and the complicit King Alonso of Naples to the island. There, his machinations bring about the revelation of Antonio's lowly nature, the redemption of the King, and the marriage of Miranda to Alonso's son, Ferdinand.",https://covers.openlibrary.org/b/id/8155661-L.jpg,https://openlibrary.org/works/OL362699W,4.56,3,57,83,75,92
The Merchant of Venice,William Shakespeare,"In this lively comedy of love and money in sixteenth-century Venice, Bassanio wants to impress the wealthy heiress Portia but lacks the necessary funds. He turns to his merchant friend, Antonio, who is forced to borrow from Shylock, a Jewish moneylender. When Antonio's business falters, repayment becomes impossible--and by the terms of the loan agreement, Shylock is able to demand a pound of Antonio's flesh. Portia cleverly intervenes, and all ends well (except of course for Shylock).",https://covers.openlibrary.org/b/id/7182819-L.jpg,https://openlibrary.org/works/OL258758W,3.57,55,4,38,48,52
Le Comte de Monte Cristo,Alexandre Dumas,"xxix, 608 pages ; 21 cm",https://covers.openlibrary.org/b/id/14566393-L.jpg,https://openlibrary.org/works/OL36287W,4.71,11,73,34,43,12
Dracula,Bram Stoker,"Sink your teeth into the ageless tale of the famous vampire Count Dracula.

Dracula first horrified readers over 125 years ago. Today, this original gothic masterpiece includes a detailed exploration into the 1897 classic vampire novel and its author, Bram Stoker.

In this bonus introduction,

Learn about Stoker’s early life, his colorful career, and the famous friends he made leading up to the creation of his magnum opus, Dracula.
Tune into the speculative theories of Stoker’s personal life and his deeply repressed homosexual tendencies.
Delve deep into the folklore and mysticism that inspired Dracula, the masterful work itself, and the lasting impact it continues to have on pop culture.
This annotated introduction accompanying this classic novel is essential for all fans of Bram Stoker’s Dracula. I welcome you, the reader, as Count Dracula beckoned Jonathan Harker:

“Welcome to my house. Enter freely and at your own free will.”",https://covers.openlibrary.org/b/id/12216503-L.jpg,https://openlibrary.org/works/OL85892W,3.57,69,7,78,88,83
Three Men in a Boat (to say nothing of the dog),Jerome Klapka Jerome,"Three feckless young men take a rowing holiday on the Thames river in 1888. 

Referenced by [Robert A. Heinlein][1] in [Have Spacesuit Will Travel][2] as Kip's father's favorite book. Inspired [To Say Nothing of the Dog][3] by [Connie Willis][4].


  [1]: https://openlibrary.org/authors/OL28641A/Robert_A._Heinlein
  [2]: https://openlibrary.org/works/OL59727W/Have_Space_Suit_Will_Travel
  [3]: https://openlibrary.org/works/OL14858398W/To_Say_Nothing_of_the_Dog_or_how_we_found_the_bishop's_bird_stump_at_last#about/about
  [4]: https://openlibrary.org/authors/OL20934A/Connie_Willis",https://covers.openlibrary.org/b/id/8243006-L.jpg,https://openlibrary.org/works/OL1793164W,3.66,18,41,46,75,50
Othello,William Shakespeare,Shakespeare's tragedy of jealousy and suspicion presented scene by scene in comic book format.,https://covers.openlibrary.org/b/id/7165018-L.jpg,https://openlibrary.org/works/OL258850W,4.07,92,44,15,14,29
Julius Caesar,William Shakespeare,"Presents the original text of Shakespeare's play side by side with a modern version, discusses the author and the theater of his time, and provides quizzes and other study activities.",https://covers.openlibrary.org/b/id/7901303-L.jpg,https://openlibrary.org/works/OL362702W,4.02,78,17,100,97,54
King Richard II,William Shakespeare,"""Richard is King. A monarch ordained by God to lead his people. But he is also a man of very human weakness. A man whose vanity threatens to divide the great houses of England and drag his people into a dynastic civil war that will last 100 years""--Container.",https://covers.openlibrary.org/b/id/9069548-L.jpg,https://openlibrary.org/works/OL362665W,4.3,69,56,38,42,55
The House of Mirth,Edith Wharton,"Beautiful, intelligent, and hopelessly addicted to luxury, Lily Bart is the heroine of this Wharton masterpiece. But it is her very taste and moral sensibility that render her unfit for survival in this world.",https://covers.openlibrary.org/b/id/9329539-L.jpg,https://openlibrary.org/works/OL98587W,3.88,67,99,31,38,83
The Moonstone,"Wilkie Collins, Pieter Koster, Sandra Kemp, Andronum (cover illustrator)","One of the first English detective novels, this mystery involves the disappearance of a valuable diamond, originally stolen from a Hindu idol, given to a young woman on her eighteenth birthday, and then stolen again. A classic of 19th-century literature.",https://covers.openlibrary.org/b/id/8237041-L.jpg,https://openlibrary.org/works/OL176092W,3.72,57,5,85,61,82
Twelfth Night,William Shakespeare,"Presents the original text of Shakespeare's play side by side with a modern version, with discussion questions, role-playing scenarios, and other study activities.",https://covers.openlibrary.org/b/id/9119932-L.jpg,https://openlibrary.org/works/OL362694W,3.49,35,17,62,44,44
Faust,Johann Wolfgang von Goethe,71 p,https://covers.openlibrary.org/b/id/6499459-L.jpg,https://openlibrary.org/works/OL52456W,3.15,89,75,87,19,27
Moll Flanders,Daniel Defoe,"These are the true confessions of a remarkable and passionate young woman are thought to have been based on the adventures of a real prisoner in Newgate where Moll was born. ostensibly written as a warning to wrongdoers, the moral of Defoe's candid and cautionary tale is often lost in the sheer vitality of Moll - one of the supreme characters of English comic fiction.

Her fortunes and misfortunes - 'twelve years a Whore, five times a Wife (once to her own brother), twelve years a Thief, eight years a transported Felon' - plunge the reader into the exciting world of the eighteenth-century low life.",https://covers.openlibrary.org/b/id/12997559-L.jpg,https://openlibrary.org/works/OL45139W,3.88,25,93,28,7,74
Flatland,Edwin Abbott Abbott,"Flatland: A Romance of Many Dimensions, though written in 1884, is still considered useful in thinking about multiple dimensions. It is also seen as a satirical depiction of Victorian society and its hierarchies. A square, who is a resident of the two-dimensional Flatland, dreams of the one-dimensional Lineland. He attempts to convince the monarch of Lineland of the possibility of another dimension, but the monarch cannot see outside the line. The square is then visited himself by a Sphere from three-dimensional Spaceland, who must show the square Spaceland before he can conceive it. As more dimensions enter the scene, the story's discussion of fixed thought and the kind of inhuman action which accompanies it intensifies.",https://covers.openlibrary.org/b/id/10069547-L.jpg,https://openlibrary.org/works/OL118388W,3.19,9,55,38,31,74
King Henry V,William Shakespeare,"Introducing this edition, Gary Taylor shows how Shakespeare shaped his historical material, examines controversial critical interpretations, discusses the play's fluctuating fortunes in performance, and analyses the range and variety of Shakespeare's characterization. The first Folio text is radically rethought, making original use of the First Quarto (1600).",https://covers.openlibrary.org/b/id/7420215-L.jpg,https://openlibrary.org/works/OL361466W,4.18,88,41,43,40,85
"Villette, a novel",Charlotte Brontë,"**In time for the 200th anniversary of her birth, a Penguin Hardcover Classics edition of the book many believe to be Charlotte Brontë's crowning achievement.**

With neither friends nor family, Lucy Snowe sets sail from England to find employment in a girls' boarding school in the small town of Villette. There she struggles to retain her self-possession in the face of unruly pupils, an initially suspicious headmaster, and her own complex feelings, first for the school's English doctor and then for the dictatorial professor Paul Emmanuel. Drawing on her own deeply unhappy experiences as a governess in Brussels, Charlotte Brontë's last and most autobiographical novel is a powerfully moving study of isolation and the pain of unrequited love. 

For more than seventy years, Penguin has been the leading publisher of classic literature in the English-speaking world. With more than 1,700 titles, Penguin Classics represents a global bookshelf of the best works throughout history and across genres and disciplines. Readers trust the series to provide authoritative texts enhanced by introductions and notes by distinguished scholars and contemporary authors, as well as up-to-date translations by award-winning translators.",https://covers.openlibrary.org/b/id/5737854-L.jpg,https://openlibrary.org/works/OL1095403W,4.48,12,48,46,4,49
The deerslayer,James Fenimore Cooper,"The Deerslayer is the last book in Cooper's Leatherstocking Tales pentalogy, but acts as a prequel to the other novels. It begins with the rapid civilizing of New York, in which surrounds the following books take place. It introduces the hero of the Tales, Natty Bumppo, and his philosophy that every living thing should follow its own nature. He is contrasted to other, less conscientious, frontiersmen.",https://covers.openlibrary.org/b/id/8237593-L.jpg,https://openlibrary.org/works/OL77950W,3.81,2,7,68,98,83
The Man Who Was Thursday,Gilbert Keith Chesterton,"Can you trust yourself when you don't know who you are? Syme uses his new acquaintance to go undercover in Europe's Central Anarchist Council and infiltrate their deadly mission, even managing to have himself voted to the position of 'Thursday'. In a park in London, secret policeman Gabriel Syme strikes up a conversation with an anarchist. Sworn to do his duty,When Syme discovers another undercover policeman on the Council, however, he starts to question his role in their operations. And as a desperate chase across Europe begins, his confusion grows, as well as his confidence in his ability to outwit his enemies.But he has still to face the greatest terror that the Council has - its leader: a man named Sunday, whose true nature is worse than Syme could ever have imagined ...",https://covers.openlibrary.org/b/id/8242857-L.jpg,https://openlibrary.org/works/OL76487W,4.59,52,95,23,43,43
Cranford,Elizabeth Cleghorn Gaskell,"<p><i>Cranford</i> was first serialized in <a href=""https://standardebooks.org/ebooks/charles-dickens"">Charles Dickens’</a> magazine <i>Household Words</i> between 1851 and 1853. The structureless nature of the stories, and the fact that <a href=""https://standardebooks.org/ebooks/elizabeth-gaskell"">Gaskell</a> was busy writing her novel <i>Ruth</i> at the time the <i>Cranford</i> shorts were being published, suggests that she didn’t initially plan for <i>Cranford</i> to be a cohesive novel.</p>
			<p>The short vignettes follow the activities of the society in the fictional small English country town of Cranford. Gaskell drew from her own childhood in Knutsford to imbue her settings and characters with a nostalgic quality in a time when the societies and styles portrayed were already going out of fashion.</p>
			<p>Though not especially popular at the time of publication, <i>Cranford</i> has since gained an immense following, including at least three television adaptations.</p>",https://covers.openlibrary.org/b/id/5188445-L.jpg,https://openlibrary.org/works/OL1103093W,3.07,67,52,38,10,17
As You Like It,William Shakespeare,"This play has two principal settings: the court that Frederick has usurped from his brother, the rightful Duke, and the Forest of Arden, where the Duke and his followers (including the disgruntled Lord Jaques and the jester Touchstone) are living.",https://covers.openlibrary.org/b/id/7338874-L.jpg,https://openlibrary.org/works/OL362698W,3.09,12,20,5,35,69
Aeneis,Publius Vergilius Maro,"""A prose translation of Vergil's Aeneid with new illustrations and informational appendices""--Provided by publisher.",https://covers.openlibrary.org/b/id/6968564-L.jpg,https://openlibrary.org/works/OL16280231W,4.8,97,63,63,49,14
Heart of Darkness,Joseph Conrad,"Heart of Darkness (1899) is a novella by Polish-English novelist Joseph Conrad, about a voyage up the Congo River into the Congo Free State, in the heart of Africa, by the story's narrator Charles Marlow. Marlow tells his story to friends aboard a boat anchored on the River Thames. Joseph Conrad is one of the greatest English writers, and Heart of Darkness is considered his best.  His readers are brought to face our psychological selves to answer, ‘Who is the true savage?’. Originally published in 1902, Heart of Darkness remains one of this century’s most enduring works of fiction. Written several years after Joseph Conrad’s grueling sojourn in the Belgian Congo, the novel is a complex meditation on colonialism, evil, and the thin line between civilization and barbarity.",https://covers.openlibrary.org/b/id/12307847-L.jpg,https://openlibrary.org/works/OL38663W,3.46,76,43,82,49,37
La dame aux camélias [novel],Alexandre Dumas fils,"- Mon avis est qu'on ne peut creer des personnages que lorsque l'on a beaucoup etudie les hommes, comme on ne peut parler une langue qu'a la condition de l'avoir serieusement apprise.",https://covers.openlibrary.org/b/id/14565226-L.jpg,https://openlibrary.org/works/OL259509W,3.79,29,44,79,29,55
The Importance of Being Earnest,Oscar Wilde,"Set in England during the late Victorian era, the play's humour derives in part from characters maintaining fictitious identities to escape unwelcome social obligations. It is replete with witty dialogue and satirises some of the foibles and hypocrisy of late Victorian society. It has proved Wilde's most enduringly popular play. - [*Wikipedia*][1]


  [1]: http://en.wikipedia.org/wiki/The_Importance_of_Being_Earnest",https://covers.openlibrary.org/b/id/1260453-L.jpg,https://openlibrary.org/works/OL27776452W,3.36,10,52,64,22,21
A la recherche du temps perdu,Marcel Proust,"Monty Python paid hommage to Proust's novel in a sketch first broadcast on November 16th, 1972, called The All-England Summarize Proust Competition. The winner was the contestant who could best summarize A la recherche du temps perdu in fifteen seconds, ""once in a swimsuit and once in evening dress.""",https://covers.openlibrary.org/b/id/12332709-L.jpg,https://openlibrary.org/works/OL1190289W,3.87,75,66,82,60,67
Nineteen Eighty-Four,George Orwell,"Nineteen Eighty-Four: A Novel, often referred to as 1984, is a dystopian social science fiction novel by the English novelist George Orwell (the pen name of Eric Arthur Blair). It was published on 8 June 1949 by Secker & Warburg as Orwell's ninth and final book completed in his lifetime. Thematically, Nineteen Eighty-Four centres on the consequences of totalitarianism, mass surveillance, and repressive regimentation of persons and behaviours within society. Orwell, himself a democratic socialist, modelled the authoritarian government in the novel after Stalinist Russia. More broadly, the novel examines the role of truth and facts within politics and the ways in which they are manipulated.

----------		
Also contained in:		
[Novels (Animal Farm / Burmese Days / Clergyman's Daughter / Coming Up for Air / Keep the Aspidistra Flying / Nineteen Eighty-Four)](https://openlibrary.org/works/OL1168045W)		
[Novels (Animal Farm / Nineteen Eighty-Four)](https://openlibrary.org/works/OL1167981W)
[Orwell's Nineteen Eighty-Four: Text, Sources, Criticism](https://openlibrary.org/works/OL1168095W)",https://covers.openlibrary.org/b/id/9267242-L.jpg,https://openlibrary.org/works/OL1168083W,3.42,55,77,1,66,99
King Henry IV. Part 1,William Shakespeare,"Presents the original text of Shakespeare's play side by side with a modern version, discusses the author and the theater of his time, and provides quizzes and other study activities.",https://covers.openlibrary.org/b/id/116833-L.jpg,https://openlibrary.org/works/OL1348798W,3.4,4,31,87,78,66
Peter Pan,J. M. Barrie,"The adventures of the three Darling children in Never-Never Land with Peter Pan, the boy who would not grow up.",https://covers.openlibrary.org/b/id/8237052-L.jpg,https://openlibrary.org/works/OL462007W,3.55,86,72,85,67,74
Antony and Cleopatra,William Shakespeare,"A magnificent drama of love and war, this riveting tragedy presents one of Shakespeare's greatest female characters--the seductive, cunning Egyptian queen Cleopatra.  The Roman leader Mark Antony, a virtual prisoner of his passion for her, is a man torn between pleasure and virtue, between sensual indolence and duty . . . between an empire and love.  Bold, rich, and splendid in its setting and emotions, Antony And Cleopatra ranks among Shakespeare's supreme achievements.From the Paperback edition.and the narrator vinay has explained what the intension in the relationship between antony and cleopatra",https://covers.openlibrary.org/b/id/8222096-L.jpg,https://openlibrary.org/works/OL362695W,4.39,83,46,93,56,34
