Title,Author,Description,Cover_Image_URL,Read_Book_URL,Average_Rating,happy_sad,funny_serious,safe_disturbing,optimistic_bleak,conventional_unusual
Gulliver's Travels,Jonathan Swift,"A parody of traveler's tales and a satire of human nature, "Gulliver's Travels" is Jonathan Swift's most famous work which was first published in 1726. An immensely popular tale ever since its original publication, "Gulliver's Travels" is the story of its titular character, Lemuel Gulliver, a man who loves to travel. A series of four journeys are detailed in which Gulliver finds himself in a number of amusing and precarious situations.",https://covers.openlibrary.org/b/id/6424180-L.jpg,https://openlibrary.org/works/OL78716W,3.63,35,24,31,57,41
Ἰλιάς,Όμηρος,"This long-awaited new edition of Lattimore's Iliad is designed to bring the book into the twenty-first century—while leaving the poem as firmly rooted in ancient Greece as ever. Lattimore's elegant, fluent verses—with their memorably phrased heroic epithets and remarkable fidelity to the Greek—remain unchanged, but classicist Richard Martin has added a wealth of supplementary materials designed to aid new generations of readers.",https://covers.openlibrary.org/b/id/7083790-L.jpg,https://openlibrary.org/works/OL61981W,3.03,35,24,31,57,41
The Adventures of Tom Sawyer,Mark Twain,"Mark Twain created the memorable characters Tom Sawyer and Huckleberry Finn drawing from the experiences of boys he grew up with in Missouri. Set by the Mississippi River in the 1840's, it follows these boys as they get into predicament after predicament. Tom's classic whitewashing of the fence has become part of American legend, and the book paints a nostalgic picture of life in the middle of the nineteenth century.",https://covers.openlibrary.org/b/id/6313555-L.jpg,https://openlibrary.org/works/OL23100W,3.98,35,24,31,57,41
The Scarlet Pimpernel,Emmuska Orczy,"The Scarlet Pimpernel (1905) is a play and adventure novel by Baroness Emmuska Orczy set during the Reign of Terror following the start of the French Revolution.",https://covers.openlibrary.org/b/id/479102-L.jpg,https://openlibrary.org/works/OL1253285W,3.21,67,96,77,26,51
Le Tour du Monde en Quatre-Vingts Jours,Jules Verne,"Phileas Fogg, a very punctual man had broken into an argument while conversing about the recent bank robbery. To keep his word of proving that he would travel around the world in 80 days and win the bet, he sets on a long trip, where he is joined by a few other people on the way. A wonderful adventure is about to begin!",https://covers.openlibrary.org/b/id/6976035-L.jpg,https://openlibrary.org/works/OL1100007W,3.77,94,56,25,71,87
Vingt mille lieues sous les mers,Jules Verne,"A nineteenth-century science fiction tale of an electric submarine, its eccentric captain, and undersea world, which anticipated many of the scientific achievements of the twentieth century.",https://covers.openlibrary.org/b/id/6573517-L.jpg,https://openlibrary.org/works/OL1099280W,3.42,83,34,86,73,14
Le petit prince,Antoine de Saint-Exupéry,"Le Petit Prince is a French novella and the most famous work of the French aristocrat, writer, poet and pioneering aviator Antoine de Saint-Exupéry.",https://covers.openlibrary.org/b/id/7895088-L.jpg,https://openlibrary.org/works/OL2172852W,4.32,45,67,15,40,68
