Title,Author,Description,Cover_Image_URL,Read_Book_URL,Average_Rating,happy_sad,funny_serious,safe_disturbing,optimistic_bleak,conventional_unusual
Alice's Adventures in Wonderland,Lewis Carroll,"Alice's Adventures in Wonderland is an 1865 English children's novel by Lewis Carroll. A young girl named Alice falls through a rabbit hole into a fantasy world of anthropomorphic creatures. It is seen as an example of the literary nonsense genre.",https://covers.openlibrary.org/b/id/10527843-L.jpg,https://openlibrary.org/works/OL138052W,4.27,10,88,9,37,18
A Christmas Carol,Charles Dickens,"An allegorical novella descibing the rehabilitation of bitter, miserly businessman Ebenezer Scrooge. The reader is witness to his transformation as Scrooge is shown the error of his ways by the ghost of former partner Jacob Marley and the spirits of Christmas past, present and future.",https://covers.openlibrary.org/b/id/13299222-L.jpg,https://openlibrary.org/works/OL54801W,4.07,12,75,20,35,25
The Picture of Dorian Gray,Oscar Wilde,"The Picture of Dorian Gray is a philosophical novel by Irish writer Oscar Wilde. A shorter novella-length version was published in the July 1890 issue of the American periodical Lippincott's Monthly Magazine. The novel-length version was published in April 1891.",https://covers.openlibrary.org/b/id/14314858-L.jpg,https://openlibrary.org/works/OL8193416W,4.02,22,38,78,52,50
Emma,Jane Austen,"Emma, by Jane Austen, is a novel about youthful hubris and the perils of misconstrued romance. The novel was first published in December 1815.",https://covers.openlibrary.org/b/id/8953126-L.jpg,https://openlibrary.org/works/OL66556W,3.96,15,45,10,30,20
Frankenstein or The Modern Prometheus,Mary Shelley,"Frankenstein; or, The Modern Prometheus is an 1818 novel written by English author Mary Shelley. Frankenstein tells the story of Victor Frankenstein, a young scientist who creates a sapient creature in an unorthodox scientific experiment.",https://covers.openlibrary.org/b/id/12645114-L.jpg,https://openlibrary.org/works/OL450125W,3.84,60,80,65,70,55
A Tale of Two Cities,Charles Dickens,"A Tale of Two Cities is a historical novel published in 1859 by Charles Dickens, set in London and Paris before and during the French Revolution. The novel tells the story of the French Doctor Manette, his 18-year-long imprisonment in the Bastille in Paris, and his release to live in London with his daughter Lucie whom he had never met.",https://covers.openlibrary.org/b/id/13301713-L.jpg,https://openlibrary.org/works/OL8193465W,3.68,59,61,55,70,36
The Wonderful Wizard of Oz,L. Frank Baum,"Over a century after its initial publication, The Wonderful Wizard of Oz is still captivating the hearts of countless readers. Come adventure with Dorothy and her three friends: the Scarecrow, the Tin Woodman, and the Cowardly Lion, as they follow the Yellow Brick Road to the Emerald City for an audience with the Great Oz.",https://covers.openlibrary.org/b/id/9979146-L.jpg,https://openlibrary.org/works/OL103196W,3.99,5,30,25,20,35
