Title,Author,Description,Cover_Image_URL,Read_Book_URL,Average_Rating,happy_sad,funny_serious,safe_disturbing,optimistic_bleak,conventional_unusual
A Midsummer Night's Dream,William Shakespeare,"One night two young couples run into an enchanted forest in an attempt to escape their problems. But these four humans do not realize that the forest is filled with fairies and hobgoblins who love making mischief.",https://covers.openlibrary.org/b/id/9329340-L.jpg,https://openlibrary.org/works/OL15262025W,3.95,16,59,7,40,44
The Importance of Being Earnest,Oscar Wilde,"Set in England during the late Victorian era, the play's humour derives in part from characters maintaining fictitious identities to escape unwelcome social obligations. It is replete with witty dialogue and satirises some of the foibles and hypocrisy of late Victorian society.",https://covers.openlibrary.org/b/id/1260453-L.jpg,https://openlibrary.org/works/OL27776452W,4.63,88,8,34,21,81
Much Ado About Nothing,William Shakespeare,"Shakespeare's comedy play Much Ado About Nothing pivots around the impediments to love for young betrothed Hero and Claudio when Hero is falsely accused of infidelity and the 'lover's trap' set for the arrogant and assured Benedick who has sworn of marriage and his gentle adversary Beatrice.",https://covers.openlibrary.org/b/id/2370852-L.jpg,https://openlibrary.org/works/OL362691W,4.01,20,30,10,25,40
Gulliver's Travels,Jonathan Swift,"A parody of traveler's tales and a satire of human nature, "Gulliver's Travels" is Jonathan Swift's most famous work which was first published in 1726. An immensely popular tale ever since its original publication, "Gulliver's Travels" is the story of its titular character, Lemuel Gulliver, a man who loves to travel.",https://covers.openlibrary.org/b/id/6424180-L.jpg,https://openlibrary.org/works/OL78716W,3.63,35,24,31,57,41
The Adventures of Tom Sawyer,Mark Twain,"Mark Twain created the memorable characters Tom Sawyer and Huckleberry Finn drawing from the experiences of boys he grew up with in Missouri. Set by the Mississippi River in the 1840's, it follows these boys as they get into predicament after predicament.",https://covers.openlibrary.org/b/id/6313555-L.jpg,https://openlibrary.org/works/OL23100W,3.98,35,24,31,57,41
Three Men in a Boat,Jerome K. Jerome,"Three Men in a Boat, published in 1889, is a humorous account by English writer Jerome K. Jerome of a two-week boating holiday on the Thames from Kingston upon Thames to Oxford and back to Kingston.",https://covers.openlibrary.org/b/id/1232173-L.jpg,https://openlibrary.org/works/OL45423W,3.91,10,15,5,20,40
