Title,Author,Description,Cover_Image_URL,Read_Book_URL,Average_Rating,happy_sad,funny_serious,safe_disturbing,optimistic_bleak,conventional_unusual
Murder on the Orient Express,Agatha Christie,"While en route from Syria to Paris, in the middle of a freezing winter's night, the Orient Express is stopped dead in its tracks by a snowdrift. Passengers awake to find the train still stranded and to discover that a wealthy American has been brutally stabbed to death in his private compartment.",https://covers.openlibrary.org/b/id/14066643-L.jpg,https://openlibrary.org/works/OL471723W,4.21,30,80,50,40,15
Death on the Nile,Agatha Christie,"The tranquillity of a cruise along the Nile was shattered by the discovery that Linnet Ridgeway had been shot through the head. She was young, stylish, rich and beautiful. A girl who had everything... until she lost her life.",https://covers.openlibrary.org/b/id/14066646-L.jpg,https://openlibrary.org/works/OL471724W,4.37,10,24,14,63,5
The A.B.C. Murders,Agatha Christie,"There's a serial killer on the loose, bent on working his way though the alphabet.  There seems little chance of the murderer being caught - until her makes the crucial and vain mistake of challenging Hercule Poirot to frustrate his plans.",https://covers.openlibrary.org/b/id/14573514-L.jpg,https://openlibrary.org/works/OL471509W,4.06,78,80,14,37,38
A Murder Is Announced,Agatha Christie,"The villagers of Chipping Cleghorn, including Jane Marple, are agog with curiosity over an advertisement in the local gazette which read: 'A murder is announced and will take place on Friday October 29th, at Little Paddocks at 6:30 p.m.'",https://covers.openlibrary.org/b/id/14578204-L.jpg,https://openlibrary.org/works/OL471685W,4.08,20,70,30,40,10
The Body in the Library,Agatha Christie,"The very-respectable Colonel and Mrs Bantry have awakened to discover the body of a young woman in their library. She is wearing evening dress and heavy make-up, which is now smeared across her cold cheeks.",https://covers.openlibrary.org/b/id/14577948-L.jpg,https://openlibrary.org/works/OL46099W,3.97,25,75,35,30,15
A Caribbean Mystery,Agatha Christie,"As Miss Marple sat basking in the Caribbean sunshine, she felt mildly discontented with life. True, the warmth eased her rheumatism, but here in paradise nothing ever happened.",https://covers.openlibrary.org/b/id/8369562-L.jpg,https://openlibrary.org/works/OL471557W,3.92,15,60,25,35,20
