Title,Author,Description,Cover_Image_URL,Read_Book_URL,Average_Rating,happy_sad,funny_serious,safe_disturbing,optimistic_bleak,conventional_unusual
Alice's Adventures in Wonderland,Lewis Carroll,"Alice's Adventures in Wonderland is an 1865 English children's novel by Lewis Carroll. A young girl named Alice falls through a rabbit hole into a fantasy world of anthropomorphic creatures. It is seen as an example of the literary nonsense genre.",https://covers.openlibrary.org/b/id/10527843-L.jpg,https://openlibrary.org/works/OL138052W,4.27,10,88,9,37,18
The Wonderful Wizard of Oz,L. Frank Baum,"Over a century after its initial publication, The Wonderful Wizard of Oz is still captivating the hearts of countless readers. Come adventure with Dorothy and her three friends: the Scarecrow, the Tin Woodman, and the Cowardly Lion, as they follow the Yellow Brick Road to the Emerald City for an audience with the Great Oz.",https://covers.openlibrary.org/b/id/9979146-L.jpg,https://openlibrary.org/works/OL103196W,3.99,5,30,25,20,35
Through the Looking-Glass,Lewis Carroll,"Through the Looking-Glass, and What Alice Found There is a work of children's literature by Lewis Carroll, generally categorized in the fairy tale genre. It is the sequel to Alice's Adventures in Wonderland.",https://covers.openlibrary.org/b/id/11272464-L.jpg,https://openlibrary.org/works/OL151406W,4.1,84,98,100,62,49
The Little Prince,Antoine de Saint-Exupéry,"The Little Prince is a novella by French aristocrat, writer, and aviator Antoine de Saint-Exupéry. It was first published in English and French in the US by Reynal & Hitchcock in April 1943, and posthumously in France following the liberation of France.",https://covers.openlibrary.org/b/id/7895088-L.jpg,https://openlibrary.org/works/OL2172852W,4.32,45,67,15,40,68
A Midsummer Night's Dream,William Shakespeare,"One night two young couples run into an enchanted forest in an attempt to escape their problems. But these four humans do not realize that the forest is filled with fairies and hobgoblins who love making mischief.",https://covers.openlibrary.org/b/id/9329340-L.jpg,https://openlibrary.org/works/OL15262025W,3.95,16,59,7,40,44
Five Children and It,Edith Nesbit,"Haven't you ever thought what you would wish for if you were granted three wishes? In Nesbit's delightful classic, five siblings find a creature that grants their wishes, but as the old saying goes: be careful what you wish for, it might come true...",https://covers.openlibrary.org/b/id/9328387-L.jpg,https://openlibrary.org/works/OL263475W,3.93,20,40,10,30,50
