Title,Author,Description,Cover_Image_URL,Read_Book_URL,Average_Rating,happy_sad,funny_serious,safe_disturbing,optimistic_bleak,conventional_unusual
Pride and Prejudice,Jane Austen,"Pride and Prejudice is an 1813 novel of manners written by Jane Austen. The novel follows the character development of Elizabeth Bennet, the dynamic protagonist of the book who learns about the repercussions of hasty judgments and comes to appreciate the difference between superficial goodness and actual goodness.",https://covers.openlibrary.org/b/id/14348537-L.jpg,https://openlibrary.org/works/OL66554W,4.28,10,60,5,15,20
Emma,Jane Austen,"Emma, by Jane Austen, is a novel about youthful hubris and the perils of misconstrued romance. The novel was first published in December 1815.",https://covers.openlibrary.org/b/id/8953126-L.jpg,https://openlibrary.org/works/OL66556W,3.96,15,45,10,30,20
Romeo and Juliet,William Shakespeare,"Romeo and Juliet is a tragedy written by William Shakespeare early in his career about two young Italian star-crossed lovers whose deaths ultimately reconcile their feuding families.",https://covers.openlibrary.org/b/id/8491456-L.jpg,https://openlibrary.org/works/OL362705W,3.74,90,70,60,95,10
Wuthering Heights,Emily Brontë,"Wuthering Heights is an 1847 novel by Emily Brontë, initially published under the pseudonym Ellis Bell. It concerns two families of the landed gentry living on the West Yorkshire moors, the Earnshaws and the Lintons, and their turbulent relationships with Earnshaw's adopted son, Heathcliff.",https://covers.openlibrary.org/b/id/12818862-L.jpg,https://openlibrary.org/works/OL21177W,3.87,100,83,50,38,17
Jane Eyre,Charlotte Brontë,"Jane Eyre is a novel by English writer Charlotte Brontë, published under the pen name 'Currer Bell', on 16 October 1847. Jane Eyre follows the experiences of its eponymous heroine, including her growth to adulthood and her love for Mr. Rochester, the brooding master of Thornfield Hall.",https://covers.openlibrary.org/b/id/12640605-L.jpg,https://openlibrary.org/works/OL66568W,4.13,60,75,30,45,25
Anna Karenina,Leo Tolstoy,"Anna Karenina is a novel by the Russian author Leo Tolstoy, first published in book form in 1878. Many writers consider it to be one of the greatest works of literature ever written, and Tolstoy himself called it his first true novel.",https://covers.openlibrary.org/b/id/9255566-L.jpg,https://openlibrary.org/works/OL98249W,4.06,85,90,45,75,30
