Title,Author,Description,Cover_Image_URL,Read_Book_URL,Average_Rating,happy_sad,funny_serious,safe_disturbing,optimistic_bleak,conventional_unusual
Frankenstein,Mary Shelley,"Frankenstein; or, The Modern Prometheus is an 1818 novel written by English author Mary Shelley. Frankenstein tells the story of Victor Frankenstein, a young scientist who creates a sapient creature in an unorthodox scientific experiment.",https://covers.openlibrary.org/b/id/12645114-L.jpg,https://openlibrary.org/works/OL450125W,3.84,60,80,65,70,55
The Time Machine,H.G. Wells,"The Time Machine is a science fiction novella by H. G. Wells, published in 1895 and written as a frame narrative. The work is generally credited with the popularization of the concept of time travel by using a vehicle or device to travel purposely and selectively forward or backward through time.",https://covers.openlibrary.org/b/id/10523578-L.jpg,https://openlibrary.org/works/OL88197W,3.91,40,70,50,80,60
The War of the Worlds,H.G. Wells,"The War of the Worlds is a science fiction novel by English author H. G. Wells, first serialized in 1897 by Pearson's Magazine in the UK and by Cosmopolitan magazine in the US. The novel's first appearance in hardcover was in 1898 from publisher William Heinemann of London.",https://covers.openlibrary.org/b/id/9833418-L.jpg,https://openlibrary.org/works/OL88193W,3.84,50,85,70,75,40
Twenty Thousand Leagues Under the Sea,Jules Verne,"Twenty Thousand Leagues Under the Seas: A World Tour Underwater is a classic science fiction adventure novel by French writer Jules Verne. The novel was originally serialized from March 1869 through June 1870 in Pierre-Jules Hetzel's fortnightly periodical, the Magasin d'éducation et de récréation.",https://covers.openlibrary.org/b/id/6573517-L.jpg,https://openlibrary.org/works/OL1099280W,3.92,40,60,30,40,75
2001: A Space Odyssey,Arthur C. Clarke,"2001: A Space Odyssey is a 1968 science fiction novel by British writer Arthur C. Clarke. It was developed concurrently with Stanley Kubrick's film version and published after the release of the film.",https://covers.openlibrary.org/b/id/8051748-L.jpg,https://openlibrary.org/works/OL59758W,4.16,30,90,40,70,80
Brave New World,Aldous Huxley,"Brave New World is a dystopian novel by English author Aldous Huxley, written in 1931 and published in 1932. Largely set in a futuristic World State, inhabited by genetically modified citizens and an intelligence-based social hierarchy, the novel anticipates huge scientific advancements in reproductive technology, sleep-learning, psychological manipulation and classical conditioning.",https://covers.openlibrary.org/b/id/8231555-L.jpg,https://openlibrary.org/works/OL103196W,3.99,70,85,60,85,75
